{
    "train_loss": [
        0.6800580517223903,
        0.6617128317015512,
        0.6331937115533012,
        0.5875404195104327,
        0.5280846787180219,
        0.48817054271697996,
        0.4654945496831621,
        0.43824611820493425,
        0.3963754934923989,
        0.35756263629027774,
        0.3256386936392103,
        0.2926184787750244,
        0.2700990676198687,
        0.24928779370444162,
        0.24109012854099274,
        0.22463370551381792,
        0.2177190168244498,
        0.20608657425642013,
        0.2010672042965889,
        0.19614718567899295
    ],
    "train_acc": [
        0.5675714285714286,
        0.5977142857142858,
        0.646,
        0.6992142857142857,
        0.7485,
        0.7682857142857142,
        0.7727142857142857,
        0.7876428571428571,
        0.8160714285714286,
        0.8420714285714286,
        0.8562857142857143,
        0.8716428571428572,
        0.8815714285714286,
        0.8893571428571428,
        0.8913571428571428,
        0.9009285714285714,
        0.9032857142857142,
        0.9108571428571428,
        0.9134285714285715,
        0.9168571428571428
    ],
    "val_loss": [
        0.6710925749142964,
        0.6470349895159403,
        0.6099143241246542,
        0.5388433779080709,
        0.5318194801012674,
        0.45716514404614766,
        0.4351631356080373,
        0.4070100638071696,
        0.35930378683408104,
        0.31597490127881367,
        0.289594313065211,
        0.27225078535079955,
        0.2678598056634267,
        0.23934899532794954,
        0.2583283966382345,
        0.23872173857688903,
        0.21391774916648865,
        0.21770451736450194,
        0.22848698755105337,
        0.20343082702159881
    ],
    "val_acc": [
        0.568,
        0.638,
        0.687,
        0.7346666666666667,
        0.773,
        0.7796666666666666,
        0.787,
        0.7883333333333333,
        0.8266666666666667,
        0.8623333333333333,
        0.8736666666666667,
        0.8816666666666667,
        0.884,
        0.8926666666666667,
        0.885,
        0.8953333333333333,
        0.9083333333333333,
        0.9086666666666666,
        0.903,
        0.916
    ]
}